case,assessment_year,regime,age,residential_status,gross_salary,other_income,deduction_80C,prism_total_income,prism_tax_payable,official_tax_payable,notes
1,2024-25,new,below 60,resident,500000,0,0,450000,0,,
2,2024-25,new,below 60,resident,775000,0,0,725000,26000,,
3,2024-25,new,below 60,resident,785000,0,0,735000,29640,,
4,2024-25,new,below 60,resident,1000000,0,0,950000,54600,,
5,2024-25,new,below 60,resident,1275000,0,0,1225000,98800,,
6,2024-25,new,below 60,resident,1285000,0,0,1235000,100880,,
7,2024-25,new,below 60,resident,1350000,0,0,1300000,114400,,
8,2024-25,new,below 60,resident,1800000,0,0,1750000,234000,,
9,2024-25,new,below 60,resident,2500000,0,0,2450000,452400,,
10,2024-25,new,below 60,resident,5075000,0,0,5025000,1274000,,
11,2024-25,new,below 60,resident,5100000,0,0,5050000,1300000,,
12,2024-25,new,below 60,resident,10100000,0,0,10050000,3140800,,
13,2024-25,old,below 60,resident,550000,0,150000,350000,0,,
14,2024-25,old,below 60,resident,560000,0,150000,360000,0,,
15,2024-25,old,below 60,resident,800000,0,150000,600000,33800,,
16,2024-25,old,below 60,resident,1000000,0,150000,800000,75400,,
17,2024-25,old,below 60,resident,1500000,0,150000,1300000,210600,,
18,2024-25,old,below 60,resident,5050000,0,150000,4850000,1318200,,
19,2024-25,old,below 60,resident,5100000,0,150000,4900000,1333800,,
20,2024-25,old,below 60,resident,10100000,0,150000,9900000,3183180,,
21,2025-26,new,below 60,resident,500000,0,0,425000,0,,
22,2025-26,new,below 60,resident,775000,0,0,700000,0,,
23,2025-26,new,below 60,resident,785000,0,0,710000,10400,,
24,2025-26,new,below 60,resident,1000000,0,0,925000,44200,,
25,2025-26,new,below 60,resident,1275000,0,0,1200000,83200,,
26,2025-26,new,below 60,resident,1285000,0,0,1210000,85280,,
27,2025-26,new,below 60,resident,1350000,0,0,1275000,98800,,
28,2025-26,new,below 60,resident,1800000,0,0,1725000,215800,,
29,2025-26,new,below 60,resident,2500000,0,0,2425000,434200,,
30,2025-26,new,below 60,resident,5075000,0,0,5000000,1237600,,
31,2025-26,new,below 60,resident,5100000,0,0,5025000,1263600,,
32,2025-26,new,below 60,resident,10100000,0,0,10025000,3103360,,
33,2025-26,old,below 60,resident,550000,0,150000,350000,0,,
34,2025-26,old,below 60,resident,560000,0,150000,360000,0,,
35,2025-26,old,below 60,resident,800000,0,150000,600000,33800,,
36,2025-26,old,below 60,resident,1000000,0,150000,800000,75400,,
37,2025-26,old,below 60,resident,1500000,0,150000,1300000,210600,,
38,2025-26,old,below 60,resident,5050000,0,150000,4850000,1318200,,
39,2025-26,old,below 60,resident,5100000,0,150000,4900000,1333800,,
40,2025-26,old,below 60,resident,10100000,0,150000,9900000,3183180,,
41,2026-27,new,below 60,resident,500000,0,0,425000,0,,
42,2026-27,new,below 60,resident,775000,0,0,700000,0,,
43,2026-27,new,below 60,resident,785000,0,0,710000,0,,
44,2026-27,new,below 60,resident,1000000,0,0,925000,0,,
45,2026-27,new,below 60,resident,1275000,0,0,1200000,0,,
46,2026-27,new,below 60,resident,1285000,0,0,1210000,10400,,
47,2026-27,new,below 60,resident,1350000,0,0,1275000,74100,,
48,2026-27,new,below 60,resident,1800000,0,0,1725000,150800,,
49,2026-27,new,below 60,resident,2500000,0,0,2425000,319800,,
50,2026-27,new,below 60,resident,5075000,0,0,5000000,1123200,,
51,2026-27,new,below 60,resident,5100000,0,0,5025000,1149200,,
52,2026-27,new,below 60,resident,10100000,0,0,10025000,2977520,,
53,2026-27,old,below 60,resident,550000,0,150000,350000,0,,
54,2026-27,old,below 60,resident,560000,0,150000,360000,0,,
55,2026-27,old,below 60,resident,800000,0,150000,600000,33800,,
56,2026-27,old,below 60,resident,1000000,0,150000,800000,75400,,
57,2026-27,old,below 60,resident,1500000,0,150000,1300000,210600,,
58,2026-27,old,below 60,resident,5050000,0,150000,4850000,1318200,,
59,2026-27,old,below 60,resident,5100000,0,150000,4900000,1333800,,
60,2026-27,old,below 60,resident,10100000,0,150000,9900000,3183180,,
